enrolled2015,enrolled2016,enrolled2017,kg,region
na,24,9,СДЯ №1,Средец
39,na,na,ДГ №4 Слънчо,Витоша
na,na,na,"ПГ в 15 СУ ""Адам Мицкевич"" (полудневна организация)",Надежда
na,na,na,ДГ №3 Детелина - Експериментална сграда,Панчарево
94,11,na,ДГ №2 Звънче (с яслени групи),Триадица
28,20,na,ДГ №1  (с яслени групи),Възраждане
na,na,na,"ПГ в 4 ОУ ""Проф. Джон Атанасов"" (полудневна организация)",Искър
50,na,na,ДГ №16 Приказен свят (с яслени групи),Студентски
43,5,na,ДГ №3 Детелина,Панчарево
57,16,24,ДГ №15 Чучулига (с яслени групи),Надежда
na,na,na,"ПГ в 16 ОУ ""Райко Жинзифов"" (полудневна организация)",Надежда
na,na,na,"ПГ в 14 СУ ""Проф. Асен Златаров"" (полудневна организация)",Сердика
na,na,na,"ПГ в 40 СУ ""Луи Пастьор"" (полудневна организация)",Люлин
28,na,na,ДГ №107 Бон-бон,Красно село
51,26,15,ДГ №14 Карлсон (с яслени групи),Младост
54,49,29,ДГ №13 Калинка (с яслени групи),Искър
55,30,16,ДГ №12 Лилия (с яслени групи),Студентски
na,48,16,СДЯ №12 Бебеландия,Слатина
31,na,na,ДГ №194 Милувка,Възраждане
na,na,na,"ПГ в 200 ОУ ""Отец Паисий"" (полудневна организация)",Панчарево
na,na,na,ДГ №193 Славейче - почасова организация,Лозенец
24,na,na,ДГ №193 Славейче,Лозенец
na,na,na,"ПГ в 199 ОУ ""Св. ап. Йоан Богослов"" (полудневна организация)",Подуяне
46,20,na,ДГ №199 Сарагоса (с яслени групи),Сердика
na,na,na,ДГ №198 Косе Босе - почасова организация,Връбница
32,30,14,ДГ №198 Косе Босе (с яслени групи),Връбница
29,na,na,ДГ №197 Китна градина,Люлин
na,na,na,ДГ №196 Шарл Перо - почасова организация,Красна поляна
53,na,na,ДГ №196 Шарл Перо,Красна поляна
na,na,na,ДГ №195 Братя Мормареви - сграда ул. Дунав,Оборище
0,29,11,ДГ №195 Братя Мормареви - сграда ул. Победа 3,Оборище
na,na,na,"ПГ в 12 СУ ""Цар Иван Асен II"" (полудневна организация)",Средец
na,na,na,ДГ №195 Братя Мормареви - полудневни групи,Оборище
43,na,na,ДГ №195 Братя Мормареви (с яслени групи),Оборище
50,na,na,ДГ №192 Лозичка,Лозенец
56,27,16,ДГ №200 Цветен рай (с яслени групи),Люлин
50,28,12,ДГ №191 Приказка без край - сграда ул. Васил Друмев,Оборище
na,na,na,ДГ №191 Приказка без край (с яслени групи),Оборище
1,na,na,ДГ №189 Сто усмивки - почасова организация,Младост
51,20,na,ДГ №189 Сто усмивки (с яслени групи),Младост
30,42,4,"ДГ №188 Вяра, Надежда, Любов (с яслени групи)",Младост
10,1,na,ДГ №185 Звездичка - сграда Враня,Искър
25,30,20,ДГ №187 Жар птица (с яслени групи),Красна поляна
62,34,20,ДГ №186 Деница (с яслени групи),Младост
77,50,30,ДГ №185 Звездичка (с яслени групи),Искър
75,20,1,ДГ №184 Мечо Пух (с яслени групи),Слатина
16,na,na,ДГ №182 Пчелица,Панчарево
25,na,na,ДГ №183 Щастливо детство,Слатина
na,na,na,ДГ №182 Пчелица - почасова организация,Панчарево
30,20,na,ДГ №180 Зайченцето бяло (с яслени групи),Панчарево
60,33,6,ДГ №179 Синчец (с яслени групи),Илинден
na,na,na,ДГ №180 Зайченцето бяло - почасова организация,Панчарево
52,na,na,ДГ №178 Сребърно копитце (с яслени групи),Младост
na,na,na,ДГ №177 Лютиче - почасова организация,Подуяне
27,na,na,ДГ №177 Лютиче,Подуяне
na,na,na,"ПГ в 176 ОУ ""Kирил и Методий"" (полудневна организация)",Нови Искър
24,21,na,ДГ №176 Зорница (с яслени групи),Връбница
18,20,3,ДГ №176 Зорница - филиал с. Волуяк,Връбница
na,na,na,ДГ №175 Слънчеви лъчи - почасова организация,Лозенец
50,na,na,ДГ №173 Звънче,Подуяне
23,22,20,ДГ №175 Слънчеви лъчи (с яслени групи),Лозенец
50,na,na,ДГ №174 Фют,Лозенец
na,na,na,"ПГ в 172 ОУ ""Христо Ботев"" (полудневна организация)",Нови Искър
na,na,na,"ПГ в 170 СУ ""Васил Левски"" (полудневна организация)",Нови Искър
na,na,na,"ПГ в 171 ОУ ""Стоил Попов"" (полудневна организация)",Нови Искър
27,20,23,ДГ №170 Пчелица - сграда 2,Надежда
5,20,20,ДГ №178 Сребърно копитце - сграда 2,Младост
9,8,na,ДГ №181 Радост,Панчарево
53,47,15,ДГ №171 Свобода (с яслени групи),Надежда
27,20,na,ДГ №170 Пчелица (с яслени групи),Надежда
na,na,na,ДГ №169 Коледарче - почасова организация,Красна поляна
44,38,10,ДГ №172 София (с яслени групи),Надежда
26,na,na,ДГ №173 Звънче - сграда Алиса,Подуяне
25,na,na,ДГ №169 Коледарче,Красна поляна
27,na,na,ДГ №168 Слънчогледи - сграда ул. Лидице,Слатина
22,na,na,ДГ №168 Слънчогледи - сграда ул. Андрей Николов,Слатина
na,na,na,"ДГ №167 Малкият принц - сграда ул. Янко Забунов, почасова организация",Триадица
na,na,na,ДГ №167 Малкият принц - почасова организация,Триадица
na,na,na,ДГ №165 Латинка - почасова организация,Изгрев
57,na,na,ДГ №165 Латинка,Изгрев
26,na,na,ДГ №168 Слънчогледи,Слатина
na,na,na,ДГ №166 Веселушка - почасова организация,Лозенец
16,19,na,ДГ №164 Зорница (с яслени групи),Овча купел
na,na,na,ДГ №167 Малкият принц - сграда ул. Янко Забунов,Триадица
50,na,na,ДГ №167 Малкият принц,Триадица
25,na,na,ДГ №166 Веселушка,Лозенец
na,na,na,"ПГ в 163 ОУ ""Черноризец Храбър"" (полудневна организация)",Искър
na,na,na,ДГ №162 Вихрогонче - сграда,Красно село
28,14,5,ДГ №161 Ласка (с яслени групи),Овча купел
19,20,na,ДГ №160 Драгалевци (с яслени групи),Витоша
na,na,na,ДГ №161 Ласка - сграда 1 ул. Евлия Челеби,Овча купел
26,38,na,ДГ №160 Драгалевци - сграда 2,Витоша
na,11,4,"ДГ №161 Ласка - сграда 2 ж.к. Овча купел, бл. 611",Овча купел
51,na,na,ДГ №162 Вихрогонче,Красно село
27,na,na,ДГ №159 Олимпийче,Средец
1,na,na,"ДГ №159 Олимпийче - сграда 2, почасова организация",Средец
29,20,12,ДГ №158 Зора (с яслени групи),Илинден
na,na,na,ДГ №159 Олимпийче - сграда 2,Средец
35,35,16,ДГ №157 Детска стряха (с яслени групи),Нови Искър
na,na,na,"ПГ в 155 ОУ ""Св. Св.Kирил и Методий""",Панчарево
25,na,na,ДГ №155 Веселина - сграда 2,Слатина
na,na,na,"ПГ в 162 ОУ ""Отец Паисий"" (полудневна организация)",Кремиковци
25,na,na,ДГ №155 Веселина,Слатина
7,na,na,ДГ №154 Сбъдната мечта - сграда бл.73,Слатина
27,na,na,ДГ №154 Сбъдната мечта,Слатина
na,na,na,"ПГ в 152 ОУ ""Св. св. Кирил и Методий"" (целодневна организация)",Витоша
28,na,17,ДГ №151 Леда Милева - сграда ул. Оборище,Оборище
26,20,na,ДГ №151 Леда Милева (с яслени групи),Оборище
45,41,4,ДГ №152 Люляче (с яслени групи),Люлин
50,na,na,ДГ №149 Зорница,Сердика
na,na,na,"ПГ в 148 ОУ ""Любомир Милетич"" (полудневна организация)",Слатина
5,19,10,ДГ №147 Славейче (с яслени групи),Кремиковци
18,na,na,ДГ №149 Зорница - сграда 2,Сердика
7,na,na,ДГ №147 Славейче - филиал с. Яна,Кремиковци
28,na,na,ДГ №148 Слънце,Подуяне
na,na,na,"ПГ в 149 СУ ""Иван Хаджийски"" (целодневна организация)",Овча купел
na,na,na,"ПГ в 147 ОУ ""Йордан Радичков"" (полудневна организация)",Красна поляна
25,na,na,ДГ №153 Света Троица,Илинден
26,na,na,ДГ №146 Звездица,Кремиковци
na,na,na,"ПГ в 146 ОУ ""Патриарх Евтимий"" (полудневна организация)",Връбница
na,na,na,"ПГ в 145 ОУ ""Симеон Радев"" (полудневна организация)",Младост
25,na,na,ДГ №145 Българка,Красно село
na,na,na,"ПГ в 144 СУ ""Народни будители"" (полудневна организация)",Младост
76,41,19,ДГ №144 Ханс Кристиан Андерсен (с яслени групи),Искър
na,na,na,ДГ №143 Щурче - почасова организация,Панчарево
25,na,na,ДГ №143 Щурче,Панчарево
na,na,na,"ПГ в 142 ОУ ""Веселин Ханчев"" (целодневна организация)",Красно село
na,na,na,"ПГ в 141 OУ ""Народни будители"" (целодневна организация)",Надежда
na,na,na,ДГ №140 Зорница - почасова организация,Кремиковци
26,na,na,ДГ №142,Красно село
0,na,na,ДГ №141 Славейкова поляна - сграда 2 (Логопедичен корпус),Лозенец
25,na,na,ДГ №141 Славейкова поляна,Лозенец
23,na,na,ДГ №142 - сграда ул. Хайдушка поляна,Красно село
22,30,na,ДГ №140 Зорница (с яслени групи),Кремиковци
na,na,na,"ПГ в 140 СУ ""Д-р Иван Богоров"" (полудневна организация)",Връбница
na,na,na,"ПГ в 140 СУ ""Д-р Иван Богоров"" (целодневна организация)",Връбница
27,na,na,ДГ №139 Панорама - сграда ул. Луи Пастьор,Люлин
23,20,na,ДГ №139 Панорама (с яслени групи),Люлин
na,na,na,"ПГ в 139 ОУ ""Захарий Kруша"" (полудневна организация)",Лозенец
52,18,1,ДГ №138 Приятели (с яслени групи),Връбница
63,60,11,ДГ №137 Калина Малина - сграда ул. Александър Михов 25,Надежда
na,11,na,ДГ №137 Калина Малина (с яслени групи),Надежда
na,na,na,"ПГ в 136 ОУ ""Любен Kаравелов"" (полудневна организация)",Възраждане
na,na,na,ДГ №135 Мое детство - почасова организация,Нови Искър
50,na,na,ДГ №136 Славия,Красно село
na,na,na,"ПГ в 135 СУ ""Ян Амос Коменски"" (целодневна организация)",Красна поляна
19,na,na,ДГ №135 Мое детство,Нови Искър
3,na,na,ДГ №134 Любопитко (с логопедични групи),Красно село
5,12,na,ДГ №132 Светлина - филиал с. Подгумер,Нови Искър
1,na,na,ДГ №133 Зорница - почасова организация,Изгрев
20,23,na,ДГ №132 Светлина,Нови Искър
81,na,na,ДГ №133 Зорница,Изгрев
na,na,na,"ПГ в 132 СУ ""Ваня Войнова"" (целодневна организация)",Красно село
na,na,na,ДГ №132 Светлина - филиал с. Войнеговци,Нови Искър
na,na,na,"ПГ в 131 СУ ""Kлимент Арк. Тимирязев"" (полудневна организация)",Младост
na,na,na,"ПГ в 130 СУ ""Стефан Kараджа"" (полудневна организация)",Подуяне
na,na,na,ДГ №129 Приказен свят,Триадица
27,na,na,ДГ №130 Приказка,Красна поляна
2,na,na,"ДГ №129 Приказен свят - сграда ул. Нишава, почасова организация",Триадица
na,na,na,ДГ №129 Приказен свят - почасова организация,Триадица
25,na,na,ДГ №129 Приказен свят - сграда ул. Нишава,Триадица
na,67,33,СДЯ №128 Слънце,Люлин
24,20,na,ДГ №128 Феникс - сграда 2,Красна поляна
51,na,na,ДГ №128 Феникс (с яслени групи),Красна поляна
na,na,na,ДГ №127 Слънце - почасова организация,Триадица
na,na,na,ДГ №127 Слънце - сграда бл. 93 А,Триадица
na,na,na,ДГ №127 Слънце - сграда бл. 95,Триадица
na,na,na,ДГ №127 Слънце - сграда бл.91,Триадица
na,na,na,ДГ №127 Слънце - сграда бл. 97,Триадица
50,na,na,ДГ №127 Слънце - сграда ж.к. Стрелбище,Триадица
1,21,na,ДГ №127 Слънце (с яслени групи),Триадица
26,na,na,ДГ №126 Тинтява,Красна поляна
25,na,na,ДГ №125 Усмивка,Овча купел
na,na,na,"ПГ в 124 ОУ ""Васил Левски"" (полудневна организация)",Подуяне
26,na,na,ДГ №126 Тинтява - сграда 2,Красна поляна
na,na,na,ДГ №124 Бърборино - почасова организация,Красно село
35,na,na,ДГ №124 Бърборино,Красно село
25,na,na,ДГ №125 Усмивка - сграда бул.Никола Петков,Овча купел
na,na,na,"ПГ в 123 СУ ""Стефан Стамболов"" (целодневна организация)",Красна поляна
na,na,na,"ПГ в 122 ОУ ""Николай Лилиев"" (полудневна организация)",Лозенец
56,35,5,ДГ №123 Шарл Перо (с яслени групи),Младост
na,na,na,"ПГ в 123 СУ ""Стефан Стамболов"" (полудневна организация)",Красна поляна
na,na,na,ДГ №121 - почасова организация,Нови Искър
11,12,2,ДГ №121 - филиал с. Доброславци,Нови Искър
35,26,17,ДГ №121  (с яслени групи),Нови Искър
na,na,na,"ПГ в 121 СУ ""Георги Измирлиев"" (полудневна организация)",Триадица
na,na,na,ДГ №120 Детство под липите - почасова организация,Възраждане
32,35,11,ДГ №120 Детство под липите (с яслени групи),Възраждане
na,na,na,"ПГ в 126 ОУ ""Петко Ю. Тодоров"" (полудневна организация)",Триадица
na,na,na,ДГ №119 Детска планета - почасова организация,Възраждане
28,na,na,ДГ №119 Детска планета (с яслени групи),Възраждане
51,20,na,ДГ №119 Детска планета - сграда 2,Възраждане
21,na,na,ДГ №118 Усмивка,Сердика
49,20,na,ДГ №117 Надежда (с яслени групи),Младост
na,8,9,ДГ №116 Мусала - сграда Гърдова глава,Витоша
22,na,na,ДГ №116 Мусала - сграда бул. Бр. Бъкстон,Витоша
2,45,29,ДГ №115 Осми март - сграда ул. 8-ми март 15,Надежда
15,22,na,ДГ №114 Светулка (с яслени групи),Нови Искър
na,na,na,ДГ №112 Детски свят - сграда 2,Витоша
52,na,na,ДГ №113 Преспа,Средец
19,10,na,ДГ №115 Осми март (с яслени групи),Надежда
20,na,na,ДГ №116 Мусала - сграда бул. Ал. Пушкин №2,Витоша
na,na,na,"ПГ в 113 СУ ""Сава Филаретов"" (полудневна организация)",Илинден
na,na,na,ДГ №113 Преспа - сграда,Средец
25,na,na,ДГ №112 Детски свят,Витоша
1,na,na,ДГ №111 Корабче - почасова организация,Лозенец
na,na,na,"ПГ в 112 ОУ ""Стоян Заимов"" (полудневна организация)",Оборище
25,na,na,ДГ №111 Корабче,Лозенец
25,na,na,ДГ №115 Осми март - сграда Връбница,Надежда
24,na,na,ДГ №116 Мусала (с яслени групи),Витоша
na,na,na,"ДГ №110 Слънчева мечта - сграда 2, почасова организация",Подуяне
na,na,na,ДГ №110 Слънчева мечта - почасова организация,Подуяне
26,17,3,ДГ №110 Слънчева мечта (с яслени групи),Подуяне
28,8,na,ДГ №110 Слънчева мечта - сграда 2,Подуяне
26,na,na,ДГ №108 Детско царство - сграда до бл. 42,Искър
29,na,na,ДГ №108 Детско царство,Искър
na,na,na,"ПГ в 106 ОУ ""Григорий Цамблак"" (полудневна организация)",Подуяне
27,na,na,ДГ №106 Княгиня Мария-Луиза,Сердика
53,41,3,ДГ №109 Зорница (с яслени групи),Младост
29,na,na,ДГ №104 Моят свят - сграда 2,Оборище
0,na,na,ДГ №105 Ракета - почасова организация,Подуяне
28,na,na,ДГ №104 Моят свят,Оборище
25,na,na,ДГ №104 Моят свят - сграда 3,Оборище
49,31,8,ДГ №105 Ракета (с яслени групи),Подуяне
na,na,na,"ПГ в 103 ОУ ""Васил Левски"" (полудневна организация)",Люлин
na,na,na,ДГ №104 Моят свят - сграда 4,Оборище
na,na,na,ДГ №103 Патиланско царство - почасова организация,Подуяне
50,22,17,ДГ №103 Патиланско царство (с яслени групи),Подуяне
9,2,na,ДГ №102 Кременица - сграда кв. Гниляне,Нови Искър
9,4,na,ДГ №102 Кременица - филиал с. Кътина,Нови Искър
13,24,na,ДГ №102 Кременица,Нови Искър
54,28,16,ДГ №101 Ябълкова градина (с яслени групи),Люлин
na,na,na,"ПГ в 100 ОУ ""Hайден Геров"" (полудневна организация)",Сердика
0,na,na,ДГ №100 Акад. Пенчо Н. Райков - сграда ул. Марин Дринов 11А,Оборище
30,na,na,ДГ №100 Акад. Пенчо Н. Райков - сграда ул. Велико Търново № 4,Оборище
na,na,na,ДГ №100 Акад. Пенчо Н. Райков,Оборище
na,na,na,ДГ №99 Брезичка - почасова организация,Красно село
na,na,na,ДГ №99 Брезичка - сграда бл. 1,Красно село
na,na,na,ДГ №99 Брезичка - сграда бл.23,Красно село
na,na,na,ДГ №99 Брезичка - сграда бл.6,Красно село
na,na,na,ДГ №99 Брезичка - сграда бл.31,Красно село
24,na,na,ДГ №99 Брезичка - сграда бл.4,Красно село
19,25,na,ДГ №99 Брезичка,Красно село
0,na,na,ДГ №98 Слънчево зайче - почасова организация,Младост
na,na,na,"ПГ в 97 СУ ""Братя Миладинови"" (целодневна организация)",Люлин
25,21,na,ДГ №96 Росна китка (с яслени групи),Искър
na,na,na,"ПГ в 101 СУ ""Бачо Kиро"" (полудневна организация)",Надежда
na,na,na,ДГ №95 Омайниче - почасова организация,Люлин
54,31,9,ДГ №98 Слънчево зайче (с яслени групи),Младост
14,20,na,ДГ №97 Изгрев - сграда с. Долни Лозен,Панчарево
na,na,na,"ПГ в 97 СУ ""Братя Миладинови"" (полудневна организация)",Люлин
29,26,22,ДГ №95 Омайниче (с яслени групи),Люлин
26,na,na,ДГ №97 Изгрев (с яслени групи),Панчарево
na,na,na,"ПГ в 93 СУ ""Александър Балан"" (целодневна организация)",Слатина
na,na,na,ДГ №93 Чуден свят - сграда бл. 195,Красно село
80,59,21,ДГ №93 Чуден свят (с яслени групи),Красно село
0,na,na,ДГ №94 Детски свят - почасова организация,Кремиковци
24,24,na,ДГ №94 Детски свят (с яслени групи),Кремиковци
na,na,na,"ПГ в 94 СУ ""Димитър Страшимиров"" (полудневна организация)",Слатина
na,na,na,"ПГ в 93 СУ ""Александър Балан"" (полудневна организация)",Слатина
na,na,na,"ДГ №92 Мечта - сграда Левски В, почасова организация",Подуяне
na,na,na,"ПГ в 92 ОУ ""Димитър Талев"" (целодневна организация)",Красна поляна
na,na,na,ДГ №92 Мечта - почасова организация,Подуяне
48,16,4,ДГ №92 Мечта - сграда Левски В,Подуяне
24,13,6,ДГ №92 Мечта (с яслени групи),Подуяне
0,na,na,ДГ №91 Слънчев кът - почасова организация,Подуяне
49,30,10,ДГ №91 Слънчев кът (с яслени групи),Подуяне
na,na,na,"ПГ в 90 СУ ""Ген. Хосе де Сан Мартин"" (полудневна организация)",Люлин
39,9,11,ДГ №90 Веса Паспалеева - сграда ул. Бял люляк 19,Надежда
48,18,24,ДГ №90 Веса Паспалеева (с яслени групи),Надежда
21,24,na,ДГ №89 Шарена дъга (с яслени групи),Кремиковци
na,na,na,"ПГ в 89 ОУ ""Д-р Христо Стамболски"" (полудневна организация)",Искър
na,na,na,"ПГ в 88 СУ ""Димитър Попниколов"" (полудневна организация)",Овча купел
51,17,4,ДГ №88 Детски рай (с яслени групи),Искър
2,na,na,ДГ №87 Буката - почасова организация,Триадица
50,na,na,ДГ №87 Буката,Триадица
50,31,8,ДГ №86 Асен Босев (с яслени групи),Люлин
na,na,na,"ПГ в 86 ОУ ""Св. Kлимент Охридски"" (целодневна организация)",Витоша
25,na,na,ДГ №85 Родина,Красно село
16,40,na,ДГ №84 Детелина (с яслени групи),Овча купел
8,na,na,ДГ №83 Славейче - сграда Требич,Надежда
47,19,na,ДГ №82 Джани Родари (с яслени групи),Връбница
13,9,na,ДГ №83 Славейче (с яслени групи),Надежда
na,na,na,"ПГ в 82 ОУ ""Васил Априлов"" (полудневна организация)",Младост
na,na,na,"ПГ в 79 СУ ""Индира Ганди"" (полудневна организация)",Люлин
na,na,na,"ПГ в 82 ОУ ""Васил Априлов"" (целодневна организация)",Младост
75,26,10,ДГ №81 Лилия (с яслени групи),Възраждане
69,34,6,ДГ №80 Приказна калина (с яслени групи),Красно село
na,na,na,ДГ №87 Буката - сграда 2,Триадица
na,na,na,"ПГ в 78 СУ ""Христо Смирненски"" (целодневна организация)",Банкя
na,na,na,ДГ №78 Детски свят - почасова организация,Студентски
na,na,na,ДГ №79 Слънчице - почасова организация,Студентски
54,20,20,ДГ №78 Детски свят (с яслени групи),Студентски
na,na,na,"ПГ в 83 ОУ ""Елин Пелин"" (полудневна организация)",Панчарево
na,na,na,ДГ №77 Магнолия - почасова организация,Средец
50,74,22,ДГ №76 Сърничка - сграда 2,Младост
na,na,na,"ПГ в 84 ОУ ""Васил Левски"" (целодневна организация)",Панчарево
28,na,na,ДГ №77 Магнолия,Средец
30,40,7,ДГ №76 Сърничка (с яслени групи),Младост
0,na,na,ДГ №75 Сърчице - почасова организация,Младост
49,25,20,ДГ №75 Сърчице (с яслени групи),Младост
na,na,na,"ПГ в 75 ОУ ""Тодор Kаблешков"" (полудневна организация)",Красна поляна
na,na,na,ДГ №81 Лилия - почасова организация,Възраждане
na,na,na,"ПГ в 76 ОУ ""Уилям Сароян"" (полудневна организация)",Възраждане
na,na,na,"ПГ в 74 СУ ""Гоце Делчев"" (полудневна организация)",Връбница
49,27,11,ДГ №74 Дъга (с яслени групи),Подуяне
73,60,7,ДГ №79 Слънчице (с яслени групи),Студентски
48,34,7,ДГ №73 Маргарита (с яслени групи),Люлин
52,26,na,ДГ №72 Приказка без край (с яслени групи),Студентски
na,na,na,"ПГ в 71 СУ ""Пейо Kрачолов Яворов"" (полудневна организация)",Панчарево
27,16,4,ДГ №71 Щастие (с яслени групи),Младост
na,na,na,"ПГ в 70 ОУ ""Св. Kлимент Охридски"" (полудневна организация)",Връбница
21,20,na,ДГ №70 Пролет (с яслени групи),Младост
na,na,na,"ПГ в 69 СУ ""Димитър Маринов"" (полудневна организация)",Искър
54,33,6,ДГ №69 Жар птица (с яслени групи),Подуяне
2,na,na,ДГ №68 Ран Босилек - почасова организация,Люлин
na,50,14,СДЯ №70 Мечо Пух,Сердика
na,78,18,СДЯ №69,Студентски
49,43,11,ДГ №68 Ран Босилек (с яслени групи),Люлин
1,na,na,ДГ №67 Чучулига - почасова организация,Красно село
na,na,na,ДГ №67 Чучулига - сграда бл. 8,Красно село
na,na,na,"ПГ в 68 СУ ""Акад. Н. Обрешков"" (полудневна организация)",Искър
24,na,na,ДГ №67 Чучулига,Красно село
na,na,na,"ПГ в 67 ОУ ""Васил Друмев"" (полудневна организация)",Възраждане
44,25,23,ДГ №66 Елица (с яслени групи),Панчарево
na,49,19,СДЯ №66,Овча купел
2,na,na,ДГ №65 Слънчево детство - почасова организация,Слатина
0,na,na,ДГ №64 Първи юни - почасова организация,Люлин
na,na,na,"ПГ в 66 СУ ""Филип Станиславов"" (полудневна организация)",Овча купел
na,na,na,"ПГ в 64 ОУ ""Цар Симеон Велики"" (полудневна организация)",Витоша
46,42,20,ДГ №65 Слънчево детство (с яслени групи),Слатина
52,40,10,ДГ №64 Първи юни (с яслени групи),Люлин
0,na,na,ДГ №66 Елица - почасова организация,Панчарево
na,na,na,"ПГ в 63 ОУ ""Христо Ботев"" (целодневна организация)",Надежда
na,43,21,СДЯ №63 Беборани,Подуяне
54,32,23,ДГ №63 Слънце (с яслени групи),Сердика
25,na,na,ДГ №60 Бор,Витоша
na,na,na,"ПГ в 60 ОУ ""Св. св. Kирил и Методий"" (полудневна организация)",Сердика
na,na,na,"ПГ в 61 ОУ ""Св. св. Kирил и Методий"" (полудневна организация)",Връбница
46,39,4,ДГ №59 Елхица (с яслени групи),Младост
28,na,na,ДГ №62 Зорница,Слатина
na,na,na,"ПГ в 59 ОУ ""Васил Левски"" (полудневна организация)",Сердика
75,41,15,ДГ №61 Шарено петле (с яслени групи),Слатина
0,na,na,ДГ №58 Слънчево утро - почасова организация,Кремиковци
na,45,20,СДЯ №58,Подуяне
48,22,21,ДГ №56 Здравец (с яслени групи),Младост
26,18,19,ДГ №55 Иглика (с яслени групи),Люлин
27,31,na,ДГ №58 Слънчево утро (с яслени групи),Кремиковци
na,na,na,"ПГ в 58 ОУ ""Сергей Румянцев"" (целодневна организация)",Сердика
24,na,na,ДГ №57 Хосе Марти,Люлин
na,na,na,"ПГ в 55 СУ ""Петко Kаравелов"" (полудневна организация)",Студентски
na,48,17,СДЯ №57 Приказка,Слатина
18,24,18,ДГ №53 Дядовата ръкавичка (с яслени групи),Сердика
na,25,8,СДЯ №55,Витоша
22,20,20,ДГ №54 Дъга (с яслени групи),Красна поляна
na,na,na,"ПГ в 52 ОУ ""Цанко Церковски"" (целодневна организация)",Витоша
na,47,14,СДЯ №56 Калина,Слатина
25,38,na,ДГ №52 Илинденче - сграда ул. Кукуш № 1,Илинден
na,42,26,СДЯ №51,Красна поляна
53,na,na,ДГ №52 Илинденче (с яслени групи),Илинден
44,24,12,ДГ №50 Зайчето Куики (с яслени групи),Възраждане
58,35,8,ДГ №49 Радост (с яслени групи),Изгрев
43,40,21,ДГ №51 Щурче (с яслени групи),Илинден
na,na,na,"ПГ в 50 ОУ ""Васил Левски"" (полудневна организация)",Витоша
na,na,na,"ПГ в 49 ОУ ""Бенито Хуарес"" (полудневна организация)",Подуяне
na,44,21,СДЯ №48,Красна поляна
na,na,na,"ПГ в 47 СУ ""Христо Г. Данов"" (полудневна организация)",Триадица
na,na,na,"ПГ в 48 ОУ ""Йосиф Kовачев"" (полудневна организация)",Сердика
na,na,na,ДГ №46 Жива вода - почасова организация,Витоша
45,46,16,ДГ №48 Братя Грим (с яслени групи),Сердика
43,18,2,ДГ №46 Жива вода (с яслени групи),Витоша
na,na,na,ДГ №47 Незабравка - почасова организация,Люлин
66,38,16,ДГ №47 Незабравка (с яслени групи),Люлин
na,50,17,СДЯ №46 Мики Маус,Лозенец
na,na,na,"ПГ в 45 ОУ ""Kонстантин Величков"" (полудневна организация)",Илинден
34,28,na,ДГ №44 Калина (с яслени групи),Кремиковци
53,14,na,ДГ №43 Талант (с яслени групи),Триадица
na,44,20,СДЯ №45 Майор Франк Томпсън,Лозенец
25,na,na,ДГ №45 Алиса,Сердика
0,na,na,ДГ №44 Калина - почасова организация,Кремиковци
31,49,8,ДГ №42 Чайка (с яслени групи),Връбница
na,na,na,"ПГ в 42 ОУ ""Хаджи Димитър"" (полудневна организация)",Подуяне
na,na,na,"ПГ в 41 ОУ ""Св. Патриарх Евтимий"" (полудневна организация)",Триадица
25,na,na,ДГ №40 Д-р Г. Ангушев,Триадица
42,30,8,ДГ №39 Пролет (с яслени групи),Овча купел
na,na,na,"ПГ в 39 СУ ""Петър Динеков"" (полудневна организация)",Младост
na,37,13,СДЯ №38,Кремиковци
54,37,8,ДГ №38 Дора Габе (с яслени групи),Надежда
na,na,na,"ПГ в 37 СУ ""Райна Kнягиня"" (полудневна организация)",Люлин
na,26,6,СДЯ №44,Панчарево
na,49,28,СДЯ №36 Слънчево зайче,Изгрев
4,na,na,ДГ №35 Щастливо детство - почасова организация,Люлин
61,41,22,ДГ №36 Пеперуда (с яслени групи),Искър
50,20,21,ДГ №37 Вълшебство (с яслени групи),Витоша
56,29,11,ДГ №35 Щастливо детство (с яслени групи),Люлин
2,na,na,ДГ №40 Д-р Г. Ангушев - почасова организация,Триадица
na,40,24,СДЯ №35 Вълшебство,Триадица
na,na,na,ДГ №34 Брезичка - почасова организация,Изгрев
na,78,18,СДЯ №41 Ябълкова градина,Люлин
15,na,na,ДГ №41 Приятели,Витоша
47,33,7,ДГ №34 Брезичка (с яслени групи),Изгрев
na,na,na,"ПГ в 34 ОУ ""Стою Шишков"" (полудневна организация)",Красно село
36,16,21,ДГ №33 Сребърни звънчета (с яслени групи),Овча купел
30,30,10,ДГ №32 Българче (с яслени групи),Люлин
52,28,14,ДГ №31 Люлин (с яслени групи),Люлин
na,44,23,СДЯ №31 Палавници,Красно село
na,na,na,"ПГ в 29 СУ ""Кузман Шапкарев"" (полудневна организация)",Сердика
8,21,10,ДГ №30 Радецки - сграда 2,Изгрев
7,9,na,ДГ №30 Радецки (с яслени групи),Изгрев
na,na,na,"ПГ в 29 СУ ""Кузман Шапкарев"" (целодневна организация)",Сердика
64,38,18,ДГ №29 Слънце (с яслени групи),Изгрев
na,na,na,"ПГ в 27 СУ ""Георги Kараславов"" (полудневна организация)",Люлин
na,na,na,"ПГ в 27 СУ ""Георги Kараславов"" (целодневна организация)",Люлин
30,33,13,ДГ №27 Детска китка - сграда ул. Иван Кулин,Надежда
na,na,na,ДГ №27 Детска китка (с яслени групи),Надежда
na,na,na,"ПГ в 26 СУ ""Йордан Йовков"" (целодневна организация)",Витоша
na,na,na,"ПГ в 28 СУ ""Алеко Kонстантинов"" (полудневна организация)",Красна поляна
na,35,18,СДЯ №28,Средец
53,35,11,ДГ №28 Ян Бибиян (с яслени групи),Младост
na,na,na,ДГ №25 Изворче - почасова организация,Банкя
na,37,18,ДГ №25 Изворче - сграда 2,Банкя
54,na,na,ДГ №25 Изворче (с яслени групи),Банкя
48,30,10,ДГ №24 Надежда (с яслени групи),Надежда
na,53,11,СДЯ №23 Ралица,Лозенец
35,20,na,ДГ №23 Здраве (с яслени групи),Изгрев
29,30,20,ДГ №26 Калина (с яслени групи),Младост
na,49,15,СДЯ №21 Бон-Бон,Триадица
na,na,na,"ПГ в 21 СУ ""Христо Ботев"" (целодневна организация)",Лозенец
2,na,na,ДГ №19 Света София - почасова организация,Лозенец
52,20,na,ДГ №22 Великденче (с яслени групи),Люлин
51,21,na,ДГ №20 Жасминов парк,Подуяне
29,na,na,ДГ №21 Ежко Бежко (с яслени групи),Искър
84,60,24,ДГ №21 Ежко Бежко - сграда 2,Искър
na,na,na,"ПГ в 25 ОУ ""Д-р Петър Берон"" (полудневна организация)",Красно село
na,na,5,ДГ №18 Детски свят - сграда 2,Средец
na,na,na,ДГ №16 Приказен свят - почасова организация,Студентски
46,na,na,ДГ №19 Света София,Лозенец
na,40,na,ДГ №16 Приказен свят - сграда 2,Студентски
na,na,na,ДГ №11 Мики Маус - почасова организация,Младост
27,24,12,ДГ №18 Детски свят (с яслени групи),Средец
31,43,5,ДГ №17 Мечо Пух (с яслени групи),Младост
37,50,20,ДГ №11 Мики Маус (с яслени групи),Младост
57,32,12,ДГ №10 Чебурашка (с яслени групи),Студентски
na,na,na,ДГ №10 Чебурашка - почасова организация,Студентски
na,na,na,"ПГ в 10 СУ ""Теодор Траянов"" (полудневна организация)",Младост
na,na,na,"ПГ в 10 СУ ""Теодор Траянов"" (целодневна организация)",Младост
25,na,na,ДГ №9 Пламъче,Овча купел
na,na,na,"ПГ в 8 СУ ""Васил Левски"" (полудневна организация)",Студентски
na,na,na,"ПГ в 8 СУ ""Васил Левски"" (целодневна организация)",Студентски
na,na,na,ДГ №8 Проф. д-р Елка Петрова - почасова организация,Красно село
40,38,21,ДГ №8 Проф. д-р Елка Петрова (с яслени групи),Красно село
55,18,20,ДГ №7 Детелина (с яслени групи),Триадица
na,na,na,ДГ №6 Вълшебен свят - сграда 2,Надежда
na,na,na,"ПГ в 7 СУ ""Св. Седмочисленици"" (полудневна организация)",Средец
39,41,na,ДГ №6 Вълшебен свят (с яслени групи),Надежда
na,na,na,"ПГ в 5 ОУ ""Иван Вазов"" (целодневна организация)",Витоша
21,na,0,ДГ №5 Надежда (с яслени групи),Връбница
20,na,na,ДГ №5 Надежда - сграда Обеля 2,Връбница
11,na,na,ДГ №5 Надежда - сграда Обеля 1,Връбница
4,na,na,ДГ №5 Надежда - сграда Връбница 2,Връбница
